{
  "$schema": "http://json-schema.org/draft-07/schema#",
  "title": "Spider v3.1 Eyes Command",
  "type": "object",
  "required": ["cmd"],
  "properties": {
    "cmd": {
      "enum": ["mode", "mood", "look", "blink", "wink", "crosseyed", "roll", "backlight"]
    },
    "mode": { "enum": ["auto", "manual"] },
    "mood": { "enum": ["neutral", "angry", "happy", "sleepy", "suspicious"] },
    "L": {
      "type": "object",
      "properties": {
        "x": { "type": "number", "minimum": -1.0, "maximum": 1.0 },
        "y": { "type": "number", "minimum": -1.0, "maximum": 1.0 }
      }
    },
    "R": {
      "type": "object",
      "properties": {
        "x": { "type": "number", "minimum": -1.0, "maximum": 1.0 },
        "y": { "type": "number", "minimum": -1.0, "maximum": 1.0 }
      }
    },
    "eye": { "enum": ["left", "right", "both"] },
    "bl": { "type": "integer", "minimum": 0, "maximum": 255 }
  },
  "additionalProperties": false
}
