{
  "$schema": "http://json-schema.org/draft-07/schema#",
  "title": "Spider v3.1 Motion Command",
  "type": "object",
  "required": ["cmd"],
  "properties": {
    "cmd": { "enum": ["move", "stop", "estop"] },
    "mode": { "enum": ["legacy_prg", "phase_engine", "dynamic_gen"] },
    "vec": {
      "type": "object",
      "properties": {
        "fwd": { "type": "number", "minimum": -1.0, "maximum": 1.0 },
        "strafe": { "type": "number", "minimum": -1.0, "maximum": 1.0 },
        "turn": { "type": "number", "minimum": -1.0, "maximum": 1.0 }
      }
    },
    "stride": { "type": "number", "minimum": 0.8, "maximum": 1.6 },
    "speed": { "type": "number", "minimum": 0.0, "maximum": 1.0 },
    "lift": { "type": "number", "minimum": 0.0, "maximum": 1.0 },
    "interp": { "enum": ["fixed_q16", "float"] }
  },
  "additionalProperties": false
}
